Year,Waterbody,Month,Number,Species,Size
2014,West Canada Creek,October,1000.0,Brown Trout,11.2
2013,Pascack Brook,March,150.0,Brown Trout,8.5
2016,Big Pond,May,250.0,Rainbow Trout,8.8
2019,Big Pond,October,70.0,Brown Trout,20.9
2016,Connetquot River,March,260.0,Brown Trout,9.0
2015,Boreas River,May,300.0,Brown Trout,12.0
2015,Laurel Lake,April,300.0,Rainbow Trout,9.0
2012,Little Salmon Lake,November,300.0,Brook Trout,4.2
2016,West Branch Tioughnioga River,May,490.0,Brown Trout,13.0
2014,Sumner Brook,April,300.0,Brook Trout,8.5
2012,Whey Pond,April,1100.0,Rainbow Trout,8.2
2015,Owasco Inlet,April,2650.0,Brown Trout,9.0
2014,Deuel Pond,September,150.0,Brook Trout,4.2
2013,Allen Lake,April,2800.0,Brook Trout,9.4
2012,Otsego Lake,May,5500.0,Landlocked Salmon,6.5
2018,Halfway Brook,April,750.0,Brook Trout,10.5
2019,Middle Sargent Pond,September,700.0,Brook Trout,4.2
2012,Genesee River,May,1150.0,Brown Trout,8.5
2019,Cayuta Creek,April,300.0,Brown Trout,13.3
2015,Fall Creek,April,1310.0,Brook Trout,8.3
2018,LaChute River,April,1200.0,Rainbow Trout,13.0
2017,Ayers Creek,April,410.0,Brown Trout,8.0
2016,Boreas River,March,50.0,Brown Trout,16.0
2014,Edgecomb Pond,April,600.0,Rainbow Trout,9.5
2012,Hyde Park Lake,April,200.0,Brown Trout,13.7
2013,Green Lakes,April,1300.0,Rainbow Trout,8.2
2015,Big Pine Pond,May,250.0,Lake Trout,6.2
2019,Upper Okara Pond,May,530.0,Brown Trout,7.4
2012,Canandaigua Outlet,April,440.0,Brown Trout,8.2
2018,Lake Ontario,May,6000.0,Brown Trout,8.1
2013,Munson Pond,May,150.0,Brown Trout,8.5
2012,Ramapo River,March,1860.0,Brown Trout,8.4
2019,Cryder Creek,May,970.0,Brown Trout,8.7
2016,Mansfield Creek,March,100.0,Brown Trout,13.6
2011,Genesee River,May,1100.0,Brown Trout,9.0
2017,Spring Brook,March,250.0,Brown Trout,8.3
2014,Oswegatchie River West Branch,May,690.0,Brown Trout,8.1
2012,Norton Brook,May,270.0,Brown Trout,8.4
2015,Saint Regis Falls Fish and Gam,May,100.0,Rainbow Trout,8.6
2013,Salmon Creek,March,2250.0,Brown Trout,8.7
2018,Wawayanda Creek,April,700.0,Brown Trout,9.3
2015,Mirror Lake,May,1300.0,Rainbow Trout,9.0
2016,Dead Lake,March,4000.0,Brook Trout,1.9
2015,Lower Siamese Lake,May,500.0,Rainbow Trout,9.0
2014,Oswegatchie River,May,1000.0,Brook Trout,9.1
2012,Indian River,April,1370.0,Brown Trout,8.0
2020,Avon DEC Office Pond,September,100.0,Tiger Muskellunge,9.9
2014,California Hw Brook,May,255.0,Brown Trout,8.9
2016,Merrill Creek,April,520.0,Brown Trout,8.0
2018,South Creek,May,260.0,Brown Trout,8.1
2012,Stone Mill Brook,April,1060.0,Brown Trout,8.0
2016,Butternut Creek,March,300.0,Brook Trout,5.0
2020,Upper Preston Pond,September,585.0,Brook Trout,4.5
2014,Upper Lake,November,300.0,Brown Trout,11.3
2016,Skaneateles Lake,June,3250.0,Rainbow Trout,8.9
2015,Little Trout River,June,680.0,Brown Trout,8.1
2020,Cranberry Lake,October,7000.0,Brook Trout,4.9
2018,Marsh Creek,April,7100.0,Steelhead,4.7
2014,Limestone Creek,May,510.0,Brook Trout,6.6
2012,Cascade Pond,October,1000.0,Brook Trout,4.1
2015,Stony Creek,May,2570.0,Brown Trout,7.5
2011,Thirteenth Lake,May,3713.0,Rainbow Trout,9.1
2017,Hale Creek,April,660.0,Brown Trout,8.0
2018,Lake Luzerne,May,440.0,Brown Trout,8.1
2019,Randall Pond,May,130.0,Brown Trout,9.0
2014,LAKE PLACID,March,800.0,Rainbow Trout,13.0
2019,Helms Pond,September,300.0,Brook Trout,4.2
2018,Titicus River,March,130.0,Brown Trout,9.1
2014,Sand Creek,May,730.0,Brown Trout,8.2
2018,Little Genesee Creek,May,1300.0,Brown Trout,8.9
2013,Belmont Rod and Gun Club Pond,April,100.0,Brook Trout,9.0
2012,Little Sodus Bay,April,6000.0,Steelhead,6.0
2017,Little Conewango Creek,March,1440.0,Brown Trout,9.2
2017,Ischua Creek,April,1600.0,Brook Trout,8.5
2018,Massapequa Reservoir,April,440.0,Brown Trout,9.0
2017,Rondout Creek,April,1650.0,Rainbow Trout,9.1
2015,Upper Lake,April,400.0,Rainbow Trout,9.0
2014,Hards Lake,April,100.0,Brown Trout,13.3
2014,Sargent Pond,October,800.0,Rainbow Trout,6.1
2020,West Branch Owego Creek,April,1400.0,Brown Trout,9.1
2014,Allegheny River,October,1050.0,Muskellunge,8.4
2018,Palmer Pond 1 AS,May,200.0,Brook Trout,9.75
2015,Hudson River,June,200.0,Rainbow Trout,18.0
2011,Argyle Lake,March,150.0,Brown Trout,13.3
2020,Slender Pond,October,300.0,Brook Trout,4.2
2020,Pine Lake,September,1625.0,Brook Trout,4.5
2018,Third Lake Essex Chain,May,300.0,Landlocked Salmon,7.2
2015,Rock Pond,May,260.0,Brook Trout,9.1
2017,Science Lake,March,210.0,Brown Trout,9.2
2020,Rattlesnake Pond 2,September,200.0,Brook Trout,7.7
2014,Ross Pond,September,800.0,Brook Trout,3.2
2015,Mckenzie Brook,May,500.0,Brook Trout,8.0
2014,Beer Kill,May,390.0,Brown Trout,9.1
2012,Allen Pond,November,190.0,Brook Trout,4.3
2017,The Branch,May,600.0,Brook Trout,8.6
2015,"Red House Bk, T17",April,600.0,Brown Trout,8.7
2015,Slim Pond,May,90.0,Brown Trout,7.0
2012,Eighth Lake,April,2800.0,Rainbow Trout,9.0
2014,West Lake,April,200.0,Brown Trout,13.6
2013,Cedar Lake,September,4000.0,Brook Trout,3.1
2014,Neversink River,March,5450.0,Brown Trout,8.8
2019,Spruce Mill Brook,May,1000.0,Brook Trout,8.0
2019,Howard Pond,September,720.0,Brook Trout,4.2
2012,Greens Lake,April,200.0,Brown Trout,13.5
2015,Cross River Reservoir,April,6420.0,Brown Trout,8.8
2011,Clear Pond,September,800.0,Brook Trout,4.5
2020,Cattaraugus Creek,March,2790.0,Brown Trout,8.6
2016,Little Genesee Creek,May,1290.0,Brown Trout,9.4
2013,California Hw Brook,April,360.0,Brown Trout,8.7
2013,Lower Niagara River,April,3640.0,Brown Trout,8.8
2013,Oatka Creek,April,1700.0,Brook Trout,9.4
2020,Stillwater Pond,April,100.0,Brown Trout,13.7
2012,Schroon River,April,283.0,Brook Trout,9.68
2015,Lake Placid,May,8500.0,Rainbow Trout,9.0
2019,Spruce Hill Brook,April,250.0,Brown Trout,8.0
2013,Coldspring Pond,May,70.0,Brown Trout,8.2
2016,Skaneateles Lake,April,9000.0,Landlocked Salmon,7.1
2020,Hudson River,April,500.0,Brown Trout,13.4
2015,Oatka Creek,May,150.0,Brown Trout,13.4
2015,West Kill,April,680.0,Brown Trout,8.1
2020,Little Pine Pond,September,293.0,Brook Trout,4.5
2011,Pharsalia Y Pond,April,90.0,Brook Trout,8.4
2016,Cazenovia Creek-East Branch,March,300.0,Brown Trout,13.8
2015,Chazy Lake,May,6000.0,Landlocked Salmon,2.0
2020,Lyon Lake,October,2000.0,Brook Trout,4.2
2020,Little Polliwog Pond,September,585.0,Brook Trout,4.5
2015,Salmon,May,300.0,Landlocked Salmon,6.8
2015,Eldridge Lake,April,150.0,Brown Trout,13.3
2012,Moose Pond,April,400.0,Brook Trout,6.0
2012,Crab Pond,May,400.0,Brown Trout,8.0
2020,Upper Lake,October,550.0,Brown Trout,12.6
2016,Black Pond,May,150.0,Rainbow Trout,8.6
2018,Peekskill Hollow Brook,April,1040.0,Brown Trout,9.0
2019,Southards Pond,November,150.0,Brown Trout,12.3
2017,Malone Village Pond,May,80.0,Brown Trout,8.0
2012,Launt Pond,October,1300.0,Rainbow Trout,6.4
2011,East Koy Creek,May,2790.0,Brown Trout,9.2
2013,Glen Lake,April,500.0,Rainbow Trout,10.0
2020,West Canada Creek,April,1300.0,Brook Trout,8.1
2018,Round Lake,September,1120.0,Brook Trout,4.5
2015,Lake Colby,April,3400.0,Rainbow Trout,8.5
2018,Round Pond,October,400.0,Brook Trout,4.6
2015,Forestry Pond,May,220.0,Brook Trout,9.3
2017,Saranac River,October,800.0,Rainbow Trout,8.0
2013,Springville Field and Stream C,May,200.0,Brook Trout,10.8
2020,Beaver Brook,May,125.0,Brook Trout,9.0
2015,Boreas River,May,1630.0,Brown Trout,7.8
2018,Hedgehog Pond,September,240.0,Brook Trout,4.5
2014,Trout Brook,April,1800.0,Brook Trout,10.1
2016,Mill Creek 1,April,600.0,Brook Trout,10.0
2019,Cheney Pond,September,2760.0,Brook Trout,4.2
2020,Beaverdam Pond,September,130.0,Brook Trout,4.6
2017,Gilman Lake,May,800.0,Rainbow Trout,9.0
2014,Kaaterskill,April,1290.0,Brown Trout,8.6
2017,East Branch Nanticoke Creek,April,50.0,Brown Trout,12.6
2012,Great Valley Creek,May,1240.0,Brown Trout,8.7
2012,Schenevus Creek,April,500.0,Brown Trout,13.0
2018,Furnace,March,200.0,Brook Trout,7.5
2013,Neversink River,March,550.0,Brown Trout,13.0
2019,Roeliff Jansen Kill,March,400.0,Brown Trout,13.4
2012,Spafford Brook,April,300.0,Brown Trout,8.0
2017,Paradox Lake,April,5300.0,Rainbow Trout,9.0
2013,Basic Creek,April,360.0,Brown Trout,7.9
2015,Mahwah River,March,680.0,Brown Trout,8.3
2019,Merrill Creek,April,530.0,Brown Trout,7.6
2014,Argyle Lake,March,150.0,Brown Trout,13.3
2014,East Koy Creek,April,700.0,Brown Trout,8.9
2012,Skanatati Lake,March,440.0,Brown Trout,8.5
2014,Potomac Pond,April,560.0,Brook Trout,9.7
2015,Upper Twin Pond,March,150.0,Rainbow Trout,8.9
2017,Harwood Lake,October,75.0,Brook Trout,14.6
2018,Sucker Lake,May,440.0,Brown Trout,8.5
2016,Croton River East Branch,March,1720.0,Brown Trout,9.3
2015,Bowman Lake,April,1400.0,Rainbow Trout,8.0
2019,Harwood Lake,May,2100.0,Brook Trout,9.0
2011,Saranac River,April,400.0,Rainbow Trout,7.9
2013,Spruce Mill Brook,May,730.0,Brown Trout,8.6
2019,Ausable River,April,1000.0,Brown Trout,8.0
2013,Nanticoke Lake,April,2300.0,Rainbow Trout,9.1
2019,Boreas River,April,600.0,Brown Trout,8.0
2016,Boy Scout Clear Pond,April,340.0,Splake,8.3
2020,Saranac River,March,600.0,Rainbow Trout,14.0
2011,Rogers Brook,May,500.0,Brook Trout,8.0
2019,Ross Pond,September,960.0,Brook Trout,4.0
2019,Stony Brook,May,310.0,Brown Trout,7.5
2014,Cossayuna Lake,September,3900.0,Tiger Muskellunge,8.5
2011,Big Pond,May,210.0,Brown Trout,9.1
2017,Howard Pond,October,600.0,Brook Trout,4.1
2015,Lime Lake,September,800.0,Tiger Muskellunge,9.4
2011,Fabius Brook,April,275.0,Brook Trout,9.9
2011,Letchworth Park Pond,May,280.0,Brook Trout,9.4
2016,Roeliff Jansen Kill,March,400.0,Brown Trout,13.5
2015,Horseshoe Lake,June,8500.0,Walleye,1.7
2020,Beaver Meadow Creek,March,290.0,Brown Trout,9.0
2014,Little Beaverkill,May,520.0,Brown Trout,9.1
2020,Ward Pond,May,110.0,Brown Trout,9.0
2012,Springhill Pond,November,500.0,Rainbow Trout,5.2
2014,Trout Brook,May,260.0,Brown Trout,8.9
2020,California Hw Brook,March,220.0,Brown Trout,9.0
2014,Wolf Pond,September,300.0,Brook Trout,4.4
2020,Indian Lake,October,2250.0,Brook Trout,4.2
2012,Twitchell Lake,May,1920.0,Brook Trout,9.0
2016,Spruce Pond,April,700.0,Brook Trout,8.0
2019,Laurel Lake,April,300.0,Rainbow Trout,9.0
2016,Rock Pond,October,2250.0,Brook Trout,4.5
2019,FINDLEY LAKE,October,1450.0,Muskellunge,9.4
2011,Keuka Lake,April,7930.0,Brown Trout,8.5
2018,Lilypad Pond,September,400.0,Brook Trout,4.5
2019,Onesquethaw Creek,April,1150.0,Brown Trout,7.6
2015,Lachute River,May,500.0,Rainbow Trout,13.0
2018,Town Park Pond,April,440.0,Rainbow Trout,9.2
2012,Upper Twin Pond,November,300.0,Brook Trout,4.2
2018,Chenango Lake,April,2610.0,Rainbow Trout,9.3
2013,Muscoot Reservoir,April,1000.0,Rainbow Trout,8.9
2018,Spafford Brook,March,100.0,Brown Trout,12.2
2015,Upper Lake,November,300.0,Brown Trout,12.0
2011,Massapequa Reservoir,November,700.0,Brown Trout,11.2
2020,Clay Pond,March,100.0,Brown Trout,13.1
2019,Forks Creek,March,1420.0,Brown Trout,8.6
2014,Two Bridge Brook,April,300.0,Brook Trout,8.5
2011,Town of sullivan,April,50.0,Rainbow Trout,10.4
2018,Stony Brook,March,300.0,Brown Trout,9.1
2017,Tied Lake,October,200.0,Brook Trout,5.0
2014,Church Pond,October,400.0,Brook Trout,4.1
2011,Canajoharie Creek,April,1270.0,Brown Trout,8.3
2020,Quaker Lake,October,275.0,Rainbow Trout,14.6
2018,Esopus Creek,April,1950.0,Brown Trout,13.1
2011,Cheney Pond,June,590.0,Brown Trout,8.3
2016,East Branch Nanticoke Creek,April,40.0,Brown Trout,9.3
2019,Town Park Pond,April,500.0,Rainbow Trout,9.5
2019,Arnold Lake,November,450.0,Rainbow Trout,6.2
2011,Caroga Creek,April,930.0,Brown Trout,8.2
2019,Peekskill Hollow Brook,April,200.0,Brown Trout,13.2
2020,Whortleberry Pond,September,1230.0,Brook Trout,3.9
2015,Deer River,June,1000.0,Brown Trout,8.1
2014,East Branch Nanticoke Creek,March,260.0,Brown Trout,8.7
2019,Oaks Creek,April,1420.0,Brown Trout,7.6
2016,Otsdawa Creek,April,390.0,Brown Trout,7.9
2011,Trout Pond,October,250.0,Brook Trout,4.2
2011,Follensby Clear Pond,May,300.0,Landlocked Salmon,6.0
2019,Deer Pond,May,280.0,Lake Trout,6.0
2019,County Pond A,April,100.0,Brook Trout,9.0
2015,Round Pond,September,500.0,Brook Trout,4.2
2014,Ray Brook Pond,September,1600.0,Brook Trout,4.2
2012,Genesee River,October,150.0,Brown Trout,19.4
2018,Lower Niagara River,April,4350.0,Brown Trout,9.0
2013,Stony Creek,April,2500.0,Brook Trout,8.8
2012,Dansville Rs,April,600.0,Rainbow Trout,9.4
2013,Moyer Creek,May,360.0,Brown Trout,8.2
2019,Beaver Brook,April,50.0,Brown Trout,13.4
2012,Nine Mile Creek,May,6.0,Rainbow Trout,20.0
2011,Gilbert Lake,May,600.0,Rainbow Trout,8.7
2012,Buck Pond,November,200.0,Brook Trout,4.2
2020,Vanderwacker Pond,May,220.0,Brown Trout,8.7
2014,Chub Pond,May,127.0,Brown Trout,8.2
2016,Lake Gilead,April,1000.0,Rainbow Trout,8.8
2020,Green Pond,October,800.0,Brook Trout,4.5
2019,Crystal Creek,May,440.0,Brown Trout,7.3
2020,Gilbert Lake,April,470.0,Rainbow Trout,8.9
2018,Gilbert Lake,April,100.0,Brown Trout,12.4
2017,Nine Mile,March,450.0,Brook Trout,8.4
2020,Lake Kushaqua,April,1300.0,Lake Trout,6.5
2011,Skaneateles Lake,October,9000.0,Rainbow Trout,3.2
2015,"Mayfield Creek, T1",May,260.0,Brown Trout,7.9
2011,Onondaga Lake,September,1250.0,Tiger Muskellunge,9.3
2015,Lower Mitchell Pond,May,300.0,Brown Trout,7.0
2017,Whetstone Creek,May,410.0,Brown Trout,9.0
2019,Hatch Pond,September,600.0,Brook Trout,4.2
2018,Upper Lake,April,150.0,Brown Trout,13.0
2016,Clear Pond,May,700.0,Rainbow Trout,9.7
2013,Mongaup Falls Reservoir,April,1090.0,Brown Trout,8.8
2019,Canisteo River,April,1420.0,Brown Trout,9.0
2011,Chubb River,April,400.0,Brook Trout,8.0
2014,Wakely Pond,May,180.0,Brown Trout,7.8
2015,Indian River,May,1280.0,Brown Trout,8.1
2018,Merrill Creek,April,520.0,Brown Trout,7.9
2018,Limestone Creek,April,600.0,Brook Trout,7.8
2019,Fall Creek,April,3010.0,Brown Trout,9.0
2017,Razorback Pond,October,400.0,Brook Trout,5.0
2015,Little Salmon River,April,2050.0,Brown Trout,8.0
2011,Rushford Lake,May,3500.0,Brown Trout,9.6
2011,Argyle Lake,March,500.0,Rainbow Trout,8.1
2011,Johnson Creek,April,7750.0,Steelhead,4.7
2018,Little Evergreen Lake,October,160.0,Brook Trout,4.8
2018,Lake Placid,May,1200.0,Rainbow Trout,13.0
2018,Ashokan Reservoir (East Basin),May,8700.0,Brown Trout,9.0
2011,Brant Lake,April,2780.0,Brown Trout,9.1
2020,Deer Creek,April,400.0,Brown Trout,7.0
2015,Keuka Lake Outlet,April,600.0,Brown Trout,9.0
2019,Furnace Brook,March,200.0,Brook Trout,8.9
2019,Sprague Brook Park A and B Pon,April,80.0,Brown Trout,14.1
2016,Limestone Creek,March,600.0,Brown Trout,12.0
2018,Trout Brook,April,250.0,Brown Trout,12.0
2016,East Branch Ausable River,April,50.0,Brown Trout,16.0
2011,Lower Twin Pond,October,250.0,Brook Trout,4.5
2011,Upper Lelands Pond,April,1440.0,Brown Trout,8.4
2016,Chapel Pond,April,25.0,Rainbow Trout,18.0
2014,Clamshell Pond,October,1500.0,Brook Trout,4.2
2011,Sacandaga Lake,April,1270.0,Brown Trout,9.1
2019,East Koy Creek,April,550.0,Brown Trout,13.3
2020,Genesee River,October,120.0,Rainbow Trout,27.5
2017,Eagle Lake,April,600.0,Brown Trout,12.0
2015,Mud Lake,May,1087.0,Brook Trout,2.5
2015,Green Pond,September,650.0,Brook Trout,4.5
2018,Springville Field and Stream C,May,200.0,Brook Trout,10.1
2018,Echo Pond,September,400.0,Brook Trout,4.0
2020,Otselic River,May,1800.0,Brown Trout,8.8
2019,CHAUTAUQUA LAKE,October,2630.0,Muskellunge,9.4
2018,Dewitt Pond,September,160.0,Brook Trout,5.0
2011,Catatonk Creek,April,1350.0,Brown Trout,9.0
2018,Canandaigua Outlet,April,160.0,Brown Trout,13.2
2019,Putnam Creek,March,500.0,Brook Trout,8.0
2012,East Lake,April,500.0,Rainbow Trout,9.1
2015,Massapequa Reservoir,April,430.0,Brown Trout,8.8
2018,Roeliff Jansen Kill,March,1130.0,Brown Trout,9.1
2018,Upper Twin Pond,September,250.0,Brook Trout,4.6
2016,Keuka Lake Outlet,April,400.0,Brown Trout,14.0
2019,East Lake,April,500.0,Rainbow Trout,9.0
2014,Upper Spectacle Pond,October,1250.0,Brook Trout,4.2
2015,Oaks Creek,April,1370.0,Brown Trout,7.8
2019,Dudley Creek,March,400.0,Brown Trout,8.9
2020,Lighthouse Hill Reservoir,April,3230.0,Rainbow Trout,8.8
2014,Whortleberry Pond,September,1900.0,Brook Trout,3.8
2014,Case Lake,April,1800.0,Brook Trout,9.0
2016,Queechy Lake,November,1200.0,Rainbow Trout,6.4
2013,Cryder Creek,April,200.0,Brown Trout,13.5
2015,Moodna Creek,May,340.0,Brown Trout,8.8
2019,Salmon Creek,April,1770.0,Brown Trout,9.0
2015,La Chute,May,100.0,Brown Trout,13.1
2013,Titicus River,March,400.0,Rainbow Trout,9.0
2012,Rondout Creek,May,1440.0,Brook Trout,8.6
2019,Haymarsh Pond,September,700.0,Brook Trout,4.2
2020,Nissequogue River,November,100.0,Brown Trout,12.3
2019,Church Pond,September,480.0,Brook Trout,4.0
2020,Dimmick Pond,May,150.0,Brown Trout,13.0
2014,Payne Brook,April,480.0,Brown Trout,7.9
2013,Jockeybush Lake,September,500.0,Brook Trout,3.7
2019,Upper Mitchell Pond,May,180.0,Brown Trout,7.5
2017,Skaneateles Creek,May,850.0,Rainbow Trout,9.6
2013,Marion Pond,September,200.0,Brook Trout,3.7
2020,Beaverdam Brook,November,3992.0,Coho,2.4
2016,Tonawanda Creek,March,1030.0,Brown Trout,8.4
2014,Malone Village Pond,May,90.0,Brown Trout,9.0
2015,Squaw Lake,September,3000.0,Brook Trout,4.2
2020,Indian River,April,1100.0,Brown Trout,7.5
2020,Esopus Creek,April,1950.0,Brown Trout,13.1
2018,Mud Pond,September,960.0,Brook Trout,4.0
2018,Mccombs Pond,September,240.0,Brook Trout,4.3
2014,Haymarsh Pond,September,700.0,Brook Trout,3.2
2018,Minisceongo Creek,May,90.0,Brown Trout,9.1
2016,Bone Run,March,260.0,Brown Trout,8.2
2013,Ramapo River,March,510.0,Brown Trout,8.5
2017,Webster's Pond,April,75.0,Rainbow Trout,12.4
2020,Debar Pond,April,130.0,Landlocked Salmon,7.0
2019,Spectacle Ponds,September,360.0,Brook Trout,4.0
2020,Black River,April,1000.0,Brook Trout,8.1
2018,North Branch Sawmill Run,March,130.0,Brown Trout,8.7
2012,East Kill,April,100.0,Brown Trout,13.7
2020,Cayuga Creek,March,7500.0,Steelhead,5.9
2014,Palmer Pond,May,500.0,Rainbow Trout,9.4
2018,Rankin Pond,May,120.0,Brown Trout,7.1
2020,Cross River Reservoir Outlet,March,70.0,Brown Trout,9.0
2013,Up Yonda Farm,April,2.0,Rainbow Trout,9.5
2016,Jessup River,November,1000.0,Landlocked Salmon,6.2
2018,Barker Pond,September,240.0,Brook Trout,3.5
2019,Lake George,October,1850.0,Brook Trout,4.0
2015,Chub Lake,September,1500.0,Brook Trout,4.1
2014,Balfour Lake,May,650.0,Brown Trout,8.1
2019,Allen Pond,September,720.0,Brook Trout,4.0
2015,Clay Pond,April,260.0,Brook Trout,9.2
2011,Elton Creek,May,850.0,Brown Trout,9.0
2015,Greenland Pond,September,400.0,Brook Trout,4.6
2018,Rutgers Creek,April,2700.0,Rainbow Trout,9.0
2020,West Cananda Creek,May,4200.0,Brown Trout,8.4
2013,Dodge Creek,March,200.0,Brown Trout,13.3
2017,Eighteenmile Creek,April,6500.0,Steelhead,4.8
2014,Little Beaverkill,April,240.0,Brown Trout,13.7
2015,Lake Gilead,April,1000.0,Rainbow Trout,9.0
2019,Metcalf Lake,September,2800.0,Brook Trout,4.2
2017,Quaker Run,March,1470.0,Brown Trout,9.2
2011,Henderson Lake,June,390.0,Lake Trout,6.1
2020,Sunday Pond,September,195.0,Brook Trout,4.5
2012,Upper Twin Pond,March,400.0,Brown Trout,13.4
2013,Minisceongo Creek North Branch,March,50.0,Brown Trout,13.3
2018,Indian River,May,400.0,Brook Trout,8.3
2011,Chautauqua Lake,October,3950.0,Muskellunge,8.2
2014,Lower Cascade Lake,September,1500.0,Brook Trout,4.2
2011,Goose Pond,October,650.0,Brook Trout,4.2
2013,Foundry Brook,April,70.0,Brown Trout,8.5
2014,East Canada Creek,April,1030.0,Brown Trout,8.2
2011,Bear Pond,October,2000.0,Brook Trout,4.8
2015,Mill Brook Reservoir,April,2000.0,Rainbow Trout,8.0
2020,Sixmile Creek,March,1180.0,Brown Trout,8.9
2017,Basswood Pond,April,250.0,Brown Trout,8.6
2014,Arnold Lake,October,1250.0,Rainbow Trout,5.9
2019,Peekskill Hollow Brook,April,1060.0,Brown Trout,8.6
2018,Goose Pond,September,960.0,Brook Trout,4.2
2015,Batavia Kill,April,350.0,Brown Trout,13.2
2013,Lydia Pond,October,700.0,Brook Trout,4.8
2020,Mettawee River,June,7640.0,Rainbow Trout,4.0
2012,Upper Cascade Lake,April,500.0,Brook Trout,6.0
2015,Tannery Creek,March,100.0,Brook Trout,8.0
2020,Lake Flavia,March,1260.0,Brook Trout,10.1
2012,Phelps Brook,February,300.0,Brook Trout,6.0
2016,Ray Brook Pond,April,600.0,Brook Trout,8.0
2015,The Branch,May,520.0,Brook Trout,8.3
2017,Cayuta Creek,April,330.0,Brown Trout,12.6
2019,Balsam Lake,May,1600.0,Brook Trout,6.0
2017,Palmer Lake,May,210.0,Brown Trout,7.0
2018,Conley Line Pond,September,60.0,Brook Trout,4.0
2018,Trout Lake,May,2960.0,Rainbow Trout,9.0
2011,Skaneateles Lake,May,9000.0,Landlocked Salmon,5.5
2015,Fish Creek East Branch,April,1310.0,Brook Trout,9.3
2013,Lake Ronkonkoma,June,5000.0,Walleye,1.5
2017,Altona School Pond,April,100.0,Brook Trout,8.1
2015,Meads Creek,March,2650.0,Brown Trout,8.7
2015,North Branch Saranac River,April,4020.0,Brook Trout,8.2
2011,Hards Lake,March,700.0,Rainbow Trout,8.2
2013,Alder Brook,May,400.0,Brook Trout,8.0
2014,Chenango River,April,2900.0,Brown Trout,7.6
2016,Alplaus Kill,April,300.0,Rainbow Trout,8.5
2017,Lake Placid,September,1000.0,Rainbow Trout,8.0
2012,Spuytenduivel Creek,April,400.0,Brook Trout,9.68
2019,New Albion Lake,October,50.0,Brown Trout,24.5
2019,Quaker Run,May,890.0,Brown Trout,8.7
2015,Remington Pond,May,880.0,Brook Trout,9.3
2017,Pea Pond,September,200.0,Brook Trout,5.0
2012,Chenango River,April,2930.0,Brown Trout,7.9
2013,Eldridge Lake,March,20.0,Rainbow Trout,18.1
2018,Mountain Pond C-P57,May,700.0,Brown Trout,8.0
2012,Fir Brook,April,30.0,Brown Trout,13.0
2016,West Branch Ausable River,May,75.0,Rainbow Trout,18.0
2012,Seneca Lake,September,8000.0,Landlocked Salmon,5.0
2020,Little Rock Pond,October,700.0,Brook Trout,4.2
2013,Canadice Lake,April,2100.0,Lake Trout,8.3
2020,West Brook,July,3080.0,Rainbow Trout,1.9
2020,Carmans River,May,550.0,Brown Trout,9.1
2016,Buffalo Creek,March,1120.0,Brown Trout,8.5
2014,Sconondoa Creek,May,650.0,Brown Trout,8.1
2020,Rock Pond,May,300.0,Brook Trout,7.9
2020,Grass Pond,October,400.0,Brook Trout,4.5
2020,Accessible Pond 1,May,40.0,Rainbow Trout,9.0
2011,East Branch Ausable River,May,4190.0,Brown Trout,8.5
2013,Elton Creek,May,730.0,Brown Trout,8.4
2014,Science Lake,April,220.0,Brown Trout,8.9
2018,Pratts Falls,April,200.0,Brown Trout,8.0
2013,West Branch Ausable River,May,500.0,Brown Trout,18.0
2020,Tackawasick Creek,March,100.0,Brown Trout,12.8
2011,Meco Creek,June,300.0,Brown Trout,8.8
2015,Ausable River,May,250.0,Rainbow Trout,18.0
2011,Marsh Creek,April,8210.0,Steelhead,4.7
2013,Onondaga Creek,March,425.0,Brown Trout,5.8
2013,Crane Pond,May,1500.0,Rainbow Trout,8.0
2015,Jacobs Creek,May,740.0,Brook Trout,9.3
2014,Deep Pond,October,400.0,Brown Trout,11.3
2015,Kennyetto Creek,April,810.0,Brown Trout,7.8
2012,Newtown Creek,March,530.0,Brown Trout,8.6
2013,Twentyninth Pond,May,70.0,Brown Trout,8.2
2012,Unknown Pond,September,500.0,Brook Trout,4.1
2017,Jessup River,May,500.0,Brown Trout,8.0
2019,Sixth Lake,May,1300.0,Rainbow Trout,9.0
2017,Oyster Bay Mill Pond,April,500.0,Rainbow Trout,9.1
2011,Otego Creek,April,130.0,Brown Trout,13.0
2016,Cedar Pond Brook,March,300.0,Brown Trout,8.9
2013,Phelps Brook,November,300.0,Brook Trout,6.5
2012,Rondout Reservoir,May,4700.0,Brown Trout,9.2
2020,Lusk Reservoir,April,330.0,Brown Trout,8.9
2012,Oneida Creek,March,4170.0,Brown Trout,8.9
2012,Little Tonawanda Creek,March,620.0,Brown Trout,8.0
2012,Lake Placid,March,1000.0,Rainbow Trout,14.0
2013,Big Creek,April,1490.0,Brown Trout,8.3
2018,Clear Pond,May,350.0,Brown Trout,8.2
2014,Holding Pond,April,230.0,Brown Trout,13.3
2014,Highland Forest,April,200.0,Brown Trout,8.0
2012,Argyle Lake,March,500.0,Rainbow Trout,8.9
2015,Deep Hollow (Kilkenny) Pond,May,100.0,Brown Trout,13.0
2014,Helms Pond,September,300.0,Brook Trout,3.2
2011,Cat Lake,September,200.0,Brook Trout,4.1
2020,Sunday Creek,April,540.0,Brook Trout,7.8
2020,Elton Creek,March,200.0,Brown Trout,13.1
2019,South Pond,September,700.0,Brook Trout,4.1
2018,Basswood Pond,April,130.0,Brown Trout,12.4
2014,Whey Pond,May,1320.0,Brown Trout,8.3
2016,Randall Pond,March,300.0,Rainbow Trout,9.0
2012,Oswegatchie River,April,960.0,Brook Trout,8.1
2020,North Branch Saranac River,April,250.0,Brown Trout,13.1
2014,Hinckley Reservoir,June,2100.0,Rainbow Trout,9.0
2018,Sunrise Pond,September,320.0,Brook Trout,4.0
2019,Slender Pond,October,300.0,Brook Trout,3.8
2013,Mohawk River,May,200.0,Brown Trout,14.6
2020,Big Sherman Pond,May,130.0,Brown Trout,8.0
2018,Salmon River,April,3650.0,Brown Trout,8.5
2015,Findley Lake,October,1450.0,Muskellunge,8.3
2019,Kahler Pond,March,500.0,Rainbow Trout,9.0
2018,Stewart Brook,October,1500.0,Brown Trout,5.6
2012,Swan River,November,200.0,Brown Trout,11.6
2019,Lake Ontario,September,1180.0,Lake Sturgeon,6.0
2019,Barkeater Pond,May,10.0,Rainbow Trout,22.0
2014,Main Park Pond - Village of Cl,April,240.0,Rainbow Trout,9.4
2011,Chittenango Creek,May,200.0,Brook Trout,8.3
2018,Long Pond,September,850.0,Brook Trout,4.3
2011,Neversink Reservoir,June,3000.0,Landlocked Salmon,6.1
2019,Black Creek West Branch,April,500.0,Brook Trout,7.8
2011,Skinner Creek,May,340.0,Brown Trout,8.5
2019,East Koy Creek,April,710.0,Brown Trout,8.9
2011,West Lake(aka Sis),October,300.0,Brook Trout,4.4
2020,Indian River,May,300.0,Brook Trout,7.9
2020,Hudson River 2,October,350.0,Rainbow Trout,13.0
2016,Ouleout Creek,May,780.0,Brown Trout,8.9
2014,Owasco Inlet,April,2670.0,Brown Trout,9.2
2018,Nicks Lake,May,1740.0,Brown Trout,8.1
2012,Cossayuna Lake,September,3900.0,Tiger Muskellunge,10.4
2017,Green Lakes,April,2400.0,Rainbow Trout,8.9
2011,Bone Run,May,280.0,Brook Trout,9.2
2011,Canaseraga Creek,April,760.0,Brown Trout,8.3
2018,Meads Creek,March,2700.0,Brown Trout,8.7
2018,Amawalk Inlet,April,300.0,Brown Trout,9.2
2013,Six Mile Waterworks,April,2000.0,Rainbow Trout,9.0
2013,Stephens Pond,September,500.0,Brook Trout,3.7
2017,Lake Gilead,May,1000.0,Rainbow Trout,9.2
2020,Second Pond,September,910.0,Brook Trout,4.8
2013,Hedgehog Pond,October,300.0,Brook Trout,4.1
2015,Deer Pond,September,1400.0,Brook Trout,4.6
2014,Mill Pond Brook (Amenia Bk),April,180.0,Brown Trout,8.4
2020,Dry Mill Brook,March,550.0,Brown Trout,8.2
2012,Genesee River,April,1330.0,Brown Trout,8.2
2013,Keuka Lake,May,1490.0,Brown Trout,9.0
2014,Lower Preston Pond,October,500.0,Brook Trout,4.0
2015,Bear Lake,June,2300.0,Walleye,1.5
2020,Benz Pond,October,700.0,Brook Trout,4.0
2016,Schroon Lake,April,3720.0,Lake Trout,6.7
2015,Eighteenmile Creek,April,4610.0,Steelhead,5.2
2017,Boquet River,April,2480.0,Brown Trout,8.0
2017,Indian River,May,400.0,Brook Trout,9.0
2018,Cheney Pond,May,610.0,Brown Trout,8.2
2020,Lake of the Woods,April,500.0,Landlocked Salmon,7.0
2016,North Branch Boquet River,March,500.0,Brown Trout,12.0
2016,Dawson Pond,October,300.0,Brook Trout,4.0
2013,Sampson Lake,September,1200.0,Brook Trout,3.7
2016,Great Chazy River,October,1150.0,Muskellunge,8.7
2011,Nanticoke Lake,April,2300.0,Rainbow Trout,9.2
2011,Cayuga Lake,May,7170.0,Brown Trout,8.7
2018,Moose Pond,May,1130.0,Rainbow Trout,9.0
2019,Lime Lake,June,3178.0,Walleye,1.5
2019,Lebanon Reservoir,April,2000.0,Rainbow Trout,8.7
2015,Moodna Creek,March,940.0,Brown Trout,8.3
2012,Barkeater Pond (Special Kids Fishing Area),May,150.0,Rainbow Trout,14.0
2018,Owasco Outlet,May,870.0,Rainbow Trout,9.7
2018,Deer River West Branch,May,400.0,Brook Trout,8.4
2013,Pratts Falls,April,40.0,Brown Trout,12.7
2013,Connetquot River,June,350.0,Brown Trout,13.1
2019,Pillsbury Lake,September,1250.0,Brook Trout,4.2
2016,Palmer Dam Pond,October,1000.0,Brook Trout,4.0
2015,Fir Brook,April,30.0,Brown Trout,12.9
2013,Little Pond,April,200.0,Rainbow Trout,9.0
2017,Hague Creek,April,300.0,Brook Trout,9.8
2015,Hards Lake,April,600.0,Rainbow Trout,9.0
2013,Grant Lake,September,100.0,Brook Trout,3.7
2014,Buck Pond,September,400.0,Brook Trout,3.7
2015,Independence Lake,September,1800.0,Brook Trout,3.8
2013,Steele Creek,April,900.0,Rainbow Trout,8.0
2018,Lake Pleasant,May,2100.0,Lake Trout,6.8
2013,South Branch West Canada Creek,May,250.0,Brown Trout,13.0
2015,South Branch West Canada Creek,May,250.0,Brown Trout,13.4
2018,Bog River,May,750.0,Brook Trout,8.0
2017,Mongaup Creek,April,170.0,Brown Trout,8.9
2013,Verkeeder Kill,April,580.0,Brown Trout,8.7
2015,West Lake,November,300.0,Brown Trout,12.0
2014,Harwood Lake,April,350.0,Brown Trout,13.3
2020,Paisley Park Pond,March,40.0,Rainbow Trout,8.1
2013,Ischua Creek,May,150.0,Brook Trout,10.8
2015,Fish Creek West Branch,May,200.0,Brown Trout,13.1
2018,Dry Mill Brook,April,650.0,Brown Trout,8.4
2013,East Koy Creek,March,3320.0,Brown Trout,8.4
2015,Limestone Creek,April,1030.0,Brown Trout,7.8
2017,Dodge Creek,March,200.0,Brown Trout,13.1
2019,Skaneateles Creek,April,600.0,Rainbow Trout,9.6
2018,Furnace,April,200.0,Brook Trout,7.8
2016,Crystal Creek,April,300.0,Brown Trout,8.4
2018,Handicap Pond 1,May,25.0,Rainbow Trout,14.25
2016,Ischua Creek,April,1370.0,Brook Trout,9.3
2014,Nicks Lake,April,1720.0,Brown Trout,8.1
2012,Cayuga Lake,May,5000.0,Lake Trout,3.4
2015,Eighteenmile Creek,May,2480.0,Steelhead,5.6
2011,Lime Lake,June,5100.0,Walleye,1.8
2017,Canajoharie Creek,April,100.0,Brown Trout,12.2
2011,Mill Pond,March,400.0,Rainbow Trout,8.2
2013,St. Lawrence R,October,7500.0,Lake Sturgeon,6.0
2014,Razorback Pond,October,400.0,Brook Trout,4.4
2019,Crotched Pond,September,3360.0,Brook Trout,4.0
2019,Lake Placid,May,8500.0,Rainbow Trout,9.0
2015,Big Moose Lake,September,7000.0,Brook Trout,4.6
2016,Lake George(Million Dollar Beach),October,1500.0,Landlocked Salmon,10.0
2019,Sterling Valley Creek,April,4600.0,Steelhead,4.8
2015,Munson Pond,May,170.0,Brown Trout,7.9
2014,Hyde Lake,September,1000.0,Tiger Muskellunge,8.2
2016,Saranac River,April,2050.0,Rainbow Trout,8.3
2013,East Koy Creek,May,6470.0,Brown Trout,8.2
2016,Cheney Pond,October,2300.0,Brook Trout,4.2
2018,Beer Kill,May,390.0,Brown Trout,9.2
